{
  "Ansi 6 Color" : {
    "Green Component" : 0.83853216239999995,
    "Red Component" : 0.49031879989999999,
    "Blue Component" : 0.8118151991
  },
  "Tags" : [

  ],
  "Ansi 12 Color" : {
    "Green Component" : 0.59999999999999998,
    "Red Component" : 0.42352941176470588,
    "Blue Component" : 0.73333333333333328
  },
  "Ansi 7 Color" : {
    "Green Component" : 0.81568628549575806,
    "Red Component" : 0.81568628549575806,
    "Blue Component" : 0.81568628549575806
  },
  "Ansi 8 Color" : {
    "Green Component" : 0.31372550129890442,
    "Red Component" : 0.31372550129890442,
    "Blue Component" : 0.31372550129890442
  },
  "Bold Color" : {
    "Green Component" : 0.81568628549575806,
    "Red Component" : 0.81568628549575806,
    "Blue Component" : 0.81568628549575806
  },
  "Ansi 9 Color" : {
    "Green Component" : 0.25490197539999998,
    "Red Component" : 0.67450982329999998,
    "Blue Component" : 0.2588235438
  },
  "Ansi 4 Color" : {
    "Green Component" : 0.59999999999999998,
    "Red Component" : 0.42352941179999998,
    "Blue Component" : 0.73333333329999995
  },
  "Ansi 1 Color" : {
    "Green Component" : 0.25490197539999998,
    "Red Component" : 0.67450982329999998,
    "Blue Component" : 0.2588235438
  },
  "Rows" : 25,
  "Default Bookmark" : "No",
  "Cursor Guide Color" : {
    "Red Component" : 0.65000000000000002,
    "Color Space" : "Calibrated",
    "Blue Component" : 1,
    "Alpha Component" : 0.25,
    "Green Component" : 0.91000000000000003
  },
  "Non-ASCII Anti Aliased" : true,
  "Use Bright Bold" : true,
  "Ansi 10 Color" : {
    "Green Component" : 0.55576569570135748,
    "Red Component" : 0.49473804391474724,
    "Blue Component" : 0.31444666754949363
  },
  "Ambiguous Double Width" : false,
  "Jobs to Ignore" : [
    "rlogin",
    "ssh",
    "slogin",
    "telnet"
  ],
  "Ansi 15 Color" : {
    "Green Component" : 0.96078431606292725,
    "Red Component" : 0.96078431606292725,
    "Blue Component" : 0.96078431606292725
  },
  "Foreground Color" : {
    "Green Component" : 0.81568628549575806,
    "Red Component" : 0.81568628549575806,
    "Blue Component" : 0.81568628549575806
  },
  "Working Directory" : "\/Users\/nilbot",
  "Blinking Cursor" : true,
  "Disable Window Resizing" : true,
  "Sync Title" : false,
  "Prompt Before Closing 2" : false,
  "BM Growl" : true,
  "Command" : "",
  "Description" : "Default",
  "Mouse Reporting" : true,
  "Screen" : -1,
  "Selection Color" : {
    "Green Component" : 0.18823529779911041,
    "Red Component" : 0.18823529779911041,
    "Blue Component" : 0.18823529779911041
  },
  "Columns" : 80,
  "Idle Code" : 0,
  "Ansi 13 Color" : {
    "Green Component" : 0.30697798580000002,
    "Red Component" : 0.62333851809999996,
    "Blue Component" : 0.5234466981
  },
  "Custom Command" : "No",
  "ASCII Anti Aliased" : true,
  "Non Ascii Font" : "Monaco 12",
  "Vertical Spacing" : 1,
  "Use Bold Font" : true,
  "Option Key Sends" : 0,
  "Selected Text Color" : {
    "Green Component" : 0.81568628549575806,
    "Red Component" : 0.81568628549575806,
    "Blue Component" : 0.81568628549575806
  },
  "Background Color" : {
    "Green Component" : 0.1283406391402715,
    "Red Component" : 0.1283406391402715,
    "Blue Component" : 0.1283406391402715
  },
  "Character Encoding" : 4,
  "Ansi 11 Color" : {
    "Green Component" : 0.70980392160000005,
    "Red Component" : 0.8980392157,
    "Blue Component" : 0.4039215686
  },
  "Thin Strokes" : 1,
  "Use Italic Font" : true,
  "Unlimited Scrollback" : true,
  "Keyboard Map" : {
    "0xf702-0x280000" : {
      "Text" : "b",
      "Action" : 10
    },
    "0xf70d-0x20000" : {
      "Text" : "[21;2~",
      "Action" : 10
    },
    "0x7f-0x80000" : {
      "Text" : "0x1b 0x7f",
      "Action" : 11
    },
    "0xf708-0x20000" : {
      "Text" : "[15;2~",
      "Action" : 10
    },
    "0x33-0x40000" : {
      "Text" : "0x1b",
      "Action" : 11
    },
    "0xf703-0x260000" : {
      "Text" : "[1;6C",
      "Action" : 10
    },
    "0xf729-0x20000" : {
      "Text" : "[1;2H",
      "Action" : 10
    },
    "0xf702-0x260000" : {
      "Text" : "[1;6D",
      "Action" : 10
    },
    "0x38-0x40000" : {
      "Text" : "0x7f",
      "Action" : 11
    },
    "0xf72b-0x40000" : {
      "Text" : "[1;5F",
      "Action" : 10
    },
    "0xf70c-0x20000" : {
      "Text" : "[20;2~",
      "Action" : 10
    },
    "0xf701-0x260000" : {
      "Text" : "[1;6B",
      "Action" : 10
    },
    "0x32-0x40000" : {
      "Text" : "0x00",
      "Action" : 11
    },
    "0xf707-0x20000" : {
      "Text" : "[1;2S",
      "Action" : 10
    },
    "0xf703-0x240000" : {
      "Text" : "[1;5C",
      "Action" : 10
    },
    "0xf700-0x260000" : {
      "Text" : "[1;6A",
      "Action" : 10
    },
    "0xf702-0x240000" : {
      "Text" : "[1;5D",
      "Action" : 10
    },
    "0x37-0x40000" : {
      "Text" : "0x1f",
      "Action" : 11
    },
    "0x3-0x200000" : {
      "Text" : "0xd",
      "Action" : 11
    },
    "0xf701-0x240000" : {
      "Text" : "[1;5B",
      "Action" : 10
    },
    "0xf70b-0x20000" : {
      "Text" : "[19;2~",
      "Action" : 10
    },
    "0xf703-0x220000" : {
      "Text" : "[1;2C",
      "Action" : 10
    },
    "0xf739-0x0" : {
      "Text" : "",
      "Action" : 13
    },
    "0xf728-0x0" : {
      "Text" : "0x4",
      "Action" : 11
    },
    "0xf706-0x20000" : {
      "Text" : "[1;2R",
      "Action" : 10
    },
    "0xf700-0x240000" : {
      "Text" : "[1;5A",
      "Action" : 10
    },
    "0xf702-0x220000" : {
      "Text" : "[1;2D",
      "Action" : 10
    },
    "0x36-0x40000" : {
      "Text" : "0x1e",
      "Action" : 11
    },
    "0xf70f-0x20000" : {
      "Text" : "[24;2~",
      "Action" : 10
    },
    "0xf701-0x220000" : {
      "Text" : "[1;2B",
      "Action" : 10
    },
    "0xf70a-0x20000" : {
      "Text" : "[18;2~",
      "Action" : 10
    },
    "0xf729-0x40000" : {
      "Text" : "[1;5H",
      "Action" : 10
    },
    "0xf72b-0x20000" : {
      "Text" : "[1;2F",
      "Action" : 10
    },
    "0xf700-0x220000" : {
      "Text" : "[1;2A",
      "Action" : 10
    },
    "0x30-0x200000" : {
      "Text" : "0",
      "Action" : 12
    },
    "0xf705-0x20000" : {
      "Text" : "[1;2Q",
      "Action" : 10
    },
    "0x31-0x200000" : {
      "Text" : "1",
      "Action" : 12
    },
    "0x33-0x200000" : {
      "Text" : "3",
      "Action" : 12
    },
    "0x35-0x40000" : {
      "Text" : "0x1d",
      "Action" : 11
    },
    "0x34-0x200000" : {
      "Text" : "4",
      "Action" : 12
    },
    "0x32-0x200000" : {
      "Text" : "2",
      "Action" : 12
    },
    "0x35-0x200000" : {
      "Text" : "5",
      "Action" : 12
    },
    "0x36-0x200000" : {
      "Text" : "6",
      "Action" : 12
    },
    "0x37-0x200000" : {
      "Text" : "7",
      "Action" : 12
    },
    "0x2d-0x40000" : {
      "Text" : "0x1f",
      "Action" : 11
    },
    "0x38-0x200000" : {
      "Text" : "8",
      "Action" : 12
    },
    "0x2a-0x200000" : {
      "Text" : "*",
      "Action" : 12
    },
    "0x39-0x200000" : {
      "Text" : "9",
      "Action" : 12
    },
    "0x2b-0x200000" : {
      "Text" : "+",
      "Action" : 12
    },
    "0xf70e-0x20000" : {
      "Text" : "[23;2~",
      "Action" : 10
    },
    "0x2d-0x200000" : {
      "Text" : "-",
      "Action" : 12
    },
    "0x2e-0x200000" : {
      "Text" : ".",
      "Action" : 12
    },
    "0xf709-0x20000" : {
      "Text" : "[17;2~",
      "Action" : 10
    },
    "0x7f-0x100000" : {
      "Text" : "0x15",
      "Action" : 11
    },
    "0x2f-0x200000" : {
      "Text" : "\/",
      "Action" : 12
    },
    "0xf704-0x20000" : {
      "Text" : "[1;2P",
      "Action" : 10
    },
    "0x34-0x40000" : {
      "Text" : "0x1c",
      "Action" : 11
    },
    "0xf703-0x280000" : {
      "Text" : "f",
      "Action" : 10
    }
  },
  "Window Type" : 0,
  "Use HFS Plus Mapping" : true,
  "Background Image Location" : "",
  "Blur" : false,